{
  "version": 1,
  "author": "Fabrizio Carlassara",
  "editor": "wokwi",
  "parts": [
    {
      "type": "wokwi-pi-pico",
      "id": "pico",
      "top": 92.67,
      "left": -17.34,
      "attrs": { "builder": "pico-sdk" }
    },
    { "type": "wokwi-lcd1602", "id": "lcd", "top": -90.27, "left": -96.98, "attrs": { "background": "blue", "color": "white" } }
  ],
  "connections": [
    [ "pico:GP0", "lcd:RS", "white", [] ],
    [ "pico:GP1", "lcd:E", "yellow", [] ],
    [ "pico:GP2", "lcd:D4", "blue", [] ],
    [ "pico:GP3", "lcd:D5", "blue", [] ],
    [ "pico:GP4", "lcd:D6", "blue", [] ],
    [ "pico:GP5", "lcd:D7", "blue", [] ],
    [ "pico:3V3", "lcd:VDD", "red", [] ],
    [ "pico:3V3", "lcd:A", "red", [] ],
    [ "pico:GND.1", "lcd:VSS", "black", [] ],
    [ "pico:GND.1", "lcd:RW", "black", [] ],
    [ "pico:GND.8", "lcd:K", "black", [] ]
  ]
}